Titulo,url
1. Restaurante Peruano - Indio De Machu Picchu,https://www.tripadvisor.co/Restaurant_Review-g294074-d12872438-Reviews-Restaurante_Peruano_Indio_De_Machu_Picchu-Bogota.html
2. Bon Market and Bar,https://www.tripadvisor.co/Restaurant_Review-g294074-d17791983-Reviews-Bon_Market_and_Bar-Bogota.html
3. Arcade's,https://www.tripadvisor.co/Restaurant_Review-g294074-d14158750-Reviews-Arcade_s-Bogota.html
4. Capitalino Restaurant,https://www.tripadvisor.co/Restaurant_Review-g294074-d15307818-Reviews-Capitalino_Restaurant-Bogota.html
5. Ushin Japanese & Grill,https://www.tripadvisor.co/Restaurant_Review-g294074-d15098949-Reviews-Ushin_Japanese_Grill-Bogota.html
6. Pizza Candelaria,https://www.tripadvisor.co/Restaurant_Review-g294074-d8715571-Reviews-Pizza_Candelaria-Bogota.html
7. Guadalupe Latina,https://www.tripadvisor.co/Restaurant_Review-g294074-d21349977-Reviews-Guadalupe_Latina-Bogota.html
8. Cerveceria Irlandesa,https://www.tripadvisor.co/Restaurant_Review-g294074-d8112419-Reviews-Cerveceria_Irlandesa-Bogota.html
9. La Jugueteria,https://www.tripadvisor.co/Restaurant_Review-g294074-d12606507-Reviews-La_Jugueteria_Kennedy-Bogota.html
10. La Jugueteria Macarena,https://www.tripadvisor.co/Restaurant_Review-g294074-d787879-Reviews-La_Jugueteria_Macarena-Bogota.html
11. Flambée Bistró & Café,https://www.tripadvisor.co/Restaurant_Review-g294074-d13000780-Reviews-Flambee_Bistro_Cafe-Bogota.html
12. Café Restaurante El Gato Gris,https://www.tripadvisor.co/Restaurant_Review-g294074-d4037689-Reviews-Cafe_Restaurante_El_Gato_Gris-Bogota.html
13. Osaka Cocina Nikkei,https://www.tripadvisor.co/Restaurant_Review-g294074-d10377558-Reviews-Osaka_Cocina_Nikkei-Bogota.html
14. Restaurante QUN,https://www.tripadvisor.co/Restaurant_Review-g294074-d17556070-Reviews-Restaurante_QUN-Bogota.html
15. La Ventana,https://www.tripadvisor.co/Restaurant_Review-g294074-d3490857-Reviews-La_Ventana-Bogota.html
16. Santa Fe Cafe & Restaurante,https://www.tripadvisor.co/Restaurant_Review-g294074-d7735415-Reviews-Santa_Fe_Cafe_Restaurante-Bogota.html
17. Gran Inka Gastro Bar,https://www.tripadvisor.co/Restaurant_Review-g294074-d13456198-Reviews-Gran_Inka_Gastro_Bar-Bogota.html
18. Storia D'amore - Zona T,https://www.tripadvisor.co/Restaurant_Review-g294074-d21340928-Reviews-Storia_D_amore_Zona_T-Bogota.html
19. Prudencia,https://www.tripadvisor.co/Restaurant_Review-g294074-d9758969-Reviews-Prudencia-Bogota.html
20. El Mono Bandido,https://www.tripadvisor.co/Restaurant_Review-g294074-d15104784-Reviews-El_Mono_Bandido-Bogota.html
21. Tamarine Asian Cuisine,https://www.tripadvisor.co/Restaurant_Review-g294074-d9768947-Reviews-Tamarine_Asian_Cuisine-Bogota.html
22. El Mono Bandido,https://www.tripadvisor.co/Restaurant_Review-g294074-d10372733-Reviews-El_Mono_Bandido-Bogota.html
23. Sant Just,https://www.tripadvisor.co/Restaurant_Review-g294074-d3498702-Reviews-Sant_Just-Bogota.html
24. The Market,https://www.tripadvisor.co/Restaurant_Review-g294074-d10036260-Reviews-The_Market-Bogota.html
25. Corchos Barcelona - Plaza Claro,https://www.tripadvisor.co/Restaurant_Review-g294074-d15516909-Reviews-Corchos_Barcelona_Plaza_Claro-Bogota.html
26. Capital Cocina y Café,https://www.tripadvisor.co/Restaurant_Review-g294074-d2153869-Reviews-Capital_Cocina_y_Cafe-Bogota.html
27. La Provence de Andrei,https://www.tripadvisor.co/Restaurant_Review-g294074-d6507571-Reviews-La_Provence_de_Andrei-Bogota.html
28. Circo Terraza Zona G,https://www.tripadvisor.co/Restaurant_Review-g294074-d7317535-Reviews-Circo_Terraza_Zona_G-Bogota.html
29. La Castaña,https://www.tripadvisor.co/Restaurant_Review-g294074-d5861445-Reviews-La_Castana-Bogota.html
30. Grecia de Andrei,https://www.tripadvisor.co/Restaurant_Review-g294074-d13161350-Reviews-Grecia_De_Andrei-Bogota.html
61. Restaurante Casa San Isidro,https://www.tripadvisor.co/Restaurant_Review-g294074-d806967-Reviews-Restaurante_Casa_San_Isidro-Bogota.html
62. El Aquelarre,https://www.tripadvisor.co/Restaurant_Review-g294074-d11626303-Reviews-El_Aquelarre-Bogota.html
63. Trattoria Italia Rustica,https://www.tripadvisor.co/Restaurant_Review-g294074-d4341941-Reviews-Trattoria_Italia_Rustica_de_Andrei-Bogota.html
64. Wok,https://www.tripadvisor.co/Restaurant_Review-g294074-d1510891-Reviews-Wok-Bogota.html
65. La Fabbrica,https://www.tripadvisor.co/Restaurant_Review-g294074-d1890139-Reviews-La_Fabbrica-Bogota.html
66. Taj Mahal Indian Restaurant,https://www.tripadvisor.co/Restaurant_Review-g294074-d4470755-Reviews-Taj_Mahal_Indian_Restaurant-Bogota.html
67. wok,https://www.tripadvisor.co/Restaurant_Review-g294074-d807162-Reviews-Wok-Bogota.html
68. El Cielo Bogota,https://www.tripadvisor.co/Restaurant_Review-g294074-d2188569-Reviews-El_Cielo_Bogota-Bogota.html
69. Di Lucca,https://www.tripadvisor.co/Restaurant_Review-g294074-d786513-Reviews-Di_Lucca-Bogota.html
70. El Bandido Bistro,https://www.tripadvisor.co/Restaurant_Review-g294074-d2542897-Reviews-El_Bandido_Bistro-Bogota.html
71. La Herencia,https://www.tripadvisor.co/Restaurant_Review-g294074-d3610698-Reviews-La_Herencia-Bogota.html
72. Bogotá Beer Company,https://www.tripadvisor.co/Restaurant_Review-g294074-d952807-Reviews-Bogota_Beer_Company-Bogota.html
73. Primi,https://www.tripadvisor.co/Restaurant_Review-g294074-d6930144-Reviews-Primi-Bogota.html
74. Bogotá Beer Company,https://www.tripadvisor.co/Restaurant_Review-g294074-d2343496-Reviews-Bogota_Beer_Company-Bogota.html
75. El Ingles Gastro Pub,https://www.tripadvisor.co/Restaurant_Review-g294074-d3396418-Reviews-El_Ingles_Gastro_Pub-Bogota.html
76. El Muelle de Andrei,https://www.tripadvisor.co/Restaurant_Review-g294074-d15648893-Reviews-El_Muelle_de_Andrei-Bogota.html
77. Madre,https://www.tripadvisor.co/Restaurant_Review-g294074-d7375768-Reviews-Madre-Bogota.html
78. 80 Sillas,https://www.tripadvisor.co/Restaurant_Review-g294074-d784750-Reviews-80_Sillas-Bogota.html
79. Crepes & Waffles,https://www.tripadvisor.co/Restaurant_Review-g294074-d6494494-Reviews-Crepes_Waffles-Bogota.html
80. La Puerta Falsa,https://www.tripadvisor.co/Restaurant_Review-g294074-d1085726-Reviews-La_Puerta_Falsa-Bogota.html
81. Osk Perú,https://www.tripadvisor.co/Restaurant_Review-g294074-d14792502-Reviews-Osk_Peru-Bogota.html
82. Mesa Franca,https://www.tripadvisor.co/Restaurant_Review-g294074-d11951671-Reviews-Mesa_Franca-Bogota.html
83. Criterion,https://www.tripadvisor.co/Restaurant_Review-g294074-d775200-Reviews-Criterion-Bogota.html
84. Central Cevichería,https://www.tripadvisor.co/Restaurant_Review-g294074-d1049843-Reviews-Central_Cevicheria_cll_85-Bogota.html
85. Andrés Carne de Res,https://www.tripadvisor.co/Restaurant_Review-g294074-d1889853-Reviews-Andres_Carne_de_Res-Bogota.html
86. WOK Zona T,https://www.tripadvisor.co/Restaurant_Review-g294074-d780155-Reviews-WOK_Zona_T-Bogota.html
87. Seratta Gourmand Market,https://www.tripadvisor.co/Restaurant_Review-g294074-d12605179-Reviews-Seratta_Gourmand_Market-Bogota.html
88. Tasca la Puerta de Alcala,https://www.tripadvisor.co/Restaurant_Review-g294074-d1162855-Reviews-Tasca_la_Puerta_de_Alcala-Bogota.html
89. Bruto,https://www.tripadvisor.co/Restaurant_Review-g294074-d3700946-Reviews-Bruto-Bogota.html
90. SPQR,https://www.tripadvisor.co/Restaurant_Review-g294074-d12131951-Reviews-SPQR-Bogota.html
91. Trattoria de la Plaza,https://www.tripadvisor.co/Restaurant_Review-g294074-d7703159-Reviews-Trattoria_de_la_Plaza-Bogota.html
92. Balzac,https://www.tripadvisor.co/Restaurant_Review-g294074-d776492-Reviews-Balzac-Bogota.html
93. De Una Travel,https://www.tripadvisor.co/Restaurant_Review-g294074-d4363811-Reviews-De_Una_Travel-Bogota.html
94. Al Agua Patos,https://www.tripadvisor.co/Restaurant_Review-g294074-d7061462-Reviews-Al_Agua_Patos-Bogota.html
95. Restaurante Wok,https://www.tripadvisor.co/Restaurant_Review-g294074-d1085758-Reviews-Restaurante_Wok-Bogota.html
96. Agadon,https://www.tripadvisor.co/Restaurant_Review-g294074-d940169-Reviews-Agadon-Bogota.html
97. Dona Elvira,https://www.tripadvisor.co/Restaurant_Review-g294074-d7590096-Reviews-Dona_Elvira-Bogota.html
98. Trattoria la divina comedia,https://www.tripadvisor.co/Restaurant_Review-g294074-d4748184-Reviews-Trattoria_La_Divina_Comedia-Bogota.html
99. Origen Bistro,https://www.tripadvisor.co/Restaurant_Review-g294074-d14101871-Reviews-Origen_Bistro-Bogota.html
100. Bicono,https://www.tripadvisor.co/Restaurant_Review-g294074-d9747494-Reviews-Bicono-Bogota.html
101. La Molina,https://www.tripadvisor.co/Restaurant_Review-g294074-d8534669-Reviews-La_Molina-Bogota.html
102. Chibchombia,https://www.tripadvisor.co/Restaurant_Review-g294074-d4177437-Reviews-Chibchombia-Bogota.html
103. La Xarcutería,https://www.tripadvisor.co/Restaurant_Review-g294074-d2559460-Reviews-La_Xarcuteria-Bogota.html
104. Local By Rausch,https://www.tripadvisor.co/Restaurant_Review-g294074-d11774940-Reviews-Local_By_Rausch-Bogota.html
105. Club Colombia,https://www.tripadvisor.co/Restaurant_Review-g294074-d806964-Reviews-Club_Colombia-Bogota.html
106. Julia,https://www.tripadvisor.co/Restaurant_Review-g294074-d3154476-Reviews-Julia-Bogota.html
107. Cantina y Punto,https://www.tripadvisor.co/Restaurant_Review-g294074-d8731175-Reviews-Cantina_y_Punto-Bogota.html
108. Restaurante La Estancia Chica,https://www.tripadvisor.co/Restaurant_Review-g294074-d3397841-Reviews-Restaurante_La_Estancia_Chica-Bogota.html
109. Entre Cuates,https://www.tripadvisor.co/Restaurant_Review-g294074-d6624223-Reviews-Entre_Cuates-Bogota.html
110. La Mar,https://www.tripadvisor.co/Restaurant_Review-g294074-d2486442-Reviews-La_Mar-Bogota.html
111. La Fama Barbecue,https://www.tripadvisor.co/Restaurant_Review-g294074-d3838058-Reviews-La_Fama_Barbecue-Bogota.html
112. DA PEPPE RISTORANTE PIZZERIA,https://www.tripadvisor.co/Restaurant_Review-g294074-d7218188-Reviews-Da_Peppe_Ristorante-Bogota.html
113. La Fragata Giratorio W.T.C.,https://www.tripadvisor.co/Restaurant_Review-g294074-d813753-Reviews-La_Fragata_Giratorio_W_T_C-Bogota.html
114. Osaki 71,https://www.tripadvisor.co/Restaurant_Review-g294074-d781804-Reviews-Osaki_71-Bogota.html
115. Casa,https://www.tripadvisor.co/Restaurant_Review-g294074-d3139053-Reviews-Casa-Bogota.html
116. NAU Sushi Lounge Bogota,https://www.tripadvisor.co/Restaurant_Review-g294074-d7149570-Reviews-NAU_Sushi_Lounge_Bogota-Bogota.html
117. Beirut,https://www.tripadvisor.co/Restaurant_Review-g294074-d3199731-Reviews-Beirut-Bogota.html
118. Casa Santa Clara,https://www.tripadvisor.co/Restaurant_Review-g294074-d3835423-Reviews-Casa_Santa_Clara-Bogota.html
119. El Chato Bogota,https://www.tripadvisor.co/Restaurant_Review-g294074-d7934490-Reviews-El_Chato_Bogota-Bogota.html
120. Bistecca e Vino Da Trattoria de la Plaza I Quinta Camacho,https://www.tripadvisor.co/Restaurant_Review-g294074-d9857721-Reviews-Bistecca_e_Vino_Da_Trattoria_de_la_Plaza-Bogota.html
121. El Mat Tapas Bar,https://www.tripadvisor.co/Restaurant_Review-g294074-d8791097-Reviews-El_Mat_Tapas_Bar-Bogota.html
122. Ocio cocina autóctona,https://www.tripadvisor.co/Restaurant_Review-g294074-d7274452-Reviews-Ocio_cocina_autoctona-Bogota.html
123. Restaurante El Mirador,https://www.tripadvisor.co/Restaurant_Review-g294074-d8097454-Reviews-Restaurante_El_Mirador-Bogota.html
124. Crepes & Waffles Bogota El Dorado Airport,https://www.tripadvisor.co/Restaurant_Review-g294074-d4077960-Reviews-Crepes_Waffles_Bogota_El_Dorado_Airport-Bogota.html
125. El Arabe,https://www.tripadvisor.co/Restaurant_Review-g294074-d2703710-Reviews-El_Arabe-Bogota.html
126. La Diva Pizzería,https://www.tripadvisor.co/Restaurant_Review-g294074-d7226334-Reviews-La_Diva_Pizzeria-Bogota.html
127. Osaki 93,https://www.tripadvisor.co/Restaurant_Review-g294074-d803145-Reviews-Osaki_93-Bogota.html
128. El Caracol Azul,https://www.tripadvisor.co/Restaurant_Review-g294074-d8089710-Reviews-El_Caracol_Azul-Bogota.html
129. Restaurante la Puerta de la Catedral,https://www.tripadvisor.co/Restaurant_Review-g294074-d6592733-Reviews-Restaurante_la_Puerta_de_la_Catedral-Bogota.html
130. Fulanitos,https://www.tripadvisor.co/Restaurant_Review-g294074-d950390-Reviews-Fulanitos-Bogota.html
131. Andrés Carne de Res DC,https://www.tripadvisor.co/Restaurant_Review-g294074-d3696308-Reviews-Andres_Carne_de_Res_DC-Bogota.html
132. Luna,https://www.tripadvisor.co/Restaurant_Review-g294074-d808964-Reviews-Luna-Bogota.html
133. Wok Museo Nacional,https://www.tripadvisor.co/Restaurant_Review-g294074-d4209938-Reviews-Wok_Museo_Nacional-Bogota.html
134. El Corral Gourmet Calle 93,https://www.tripadvisor.co/Restaurant_Review-g294074-d1573088-Reviews-El_Corral_Gourmet_Calle_93-Bogota.html
135. Cafe Amarti,https://www.tripadvisor.co/Restaurant_Review-g294074-d805517-Reviews-Cafe_Amarti-Bogota.html
136. M Cocina Árabe,https://www.tripadvisor.co/Restaurant_Review-g294074-d10161655-Reviews-M_Cocina_Arabe-Bogota.html
137. La Plaza de Andrés,https://www.tripadvisor.co/Restaurant_Review-g294074-d3975278-Reviews-La_Plaza_de_Andres-Bogota.html
138. Abasto,https://www.tripadvisor.co/Restaurant_Review-g294074-d811697-Reviews-Abasto-Bogota.html
139. Viva la Vida,https://www.tripadvisor.co/Restaurant_Review-g294074-d17752929-Reviews-Viva_la_Vida-Bogota.html
140. Gordo Brooklyn,https://www.tripadvisor.co/Restaurant_Review-g294074-d3835426-Reviews-Gordo_Brooklyn-Bogota.html
141. Juana la Loca,https://www.tripadvisor.co/Restaurant_Review-g294074-d6871836-Reviews-Juana_la_Loca-Bogota.html
142. Restaurante Semolina,https://www.tripadvisor.co/Restaurant_Review-g294074-d9581208-Reviews-Restaurante_Semolina-Bogota.html
143. Salonika,https://www.tripadvisor.co/Restaurant_Review-g294074-d12906353-Reviews-Salonika-Bogota.html
144. La Tapería,https://www.tripadvisor.co/Restaurant_Review-g294074-d2214888-Reviews-La_Taperia-Bogota.html
145. Marcha Restaurante,https://www.tripadvisor.co/Restaurant_Review-g294074-d12665228-Reviews-Marcha_Restaurante-Bogota.html
146. Cantina La 15 Bogotá,https://www.tripadvisor.co/Restaurant_Review-g294074-d17795665-Reviews-Cantina_La_15_Bogota-Bogota.html
147. Agave Azul,https://www.tripadvisor.co/Restaurant_Review-g294074-d1569448-Reviews-Agave_Azul-Bogota.html
148. Canasto Picnic Bistró,https://www.tripadvisor.co/Restaurant_Review-g294074-d10091378-Reviews-Canasto_Picnic_Bistro-Bogota.html
149. El comedor,https://www.tripadvisor.co/Restaurant_Review-g294074-d2484649-Reviews-El_comedor-Bogota.html
150. Diana García - Chef en Movimiento,https://www.tripadvisor.co/Restaurant_Review-g294074-d3907666-Reviews-Diana_Garcia_Chef_en_Movimiento-Bogota.html
